<?xml version="1.0" encoding="UTF-8"?>
<project-private xmlns="http://www.netbeans.org/ns/project-private/1">
    <editor-bookmarks xmlns="http://www.netbeans.org/ns/editor-bookmarks/2" lastBookmarkId="0"/>
    <open-files xmlns="http://www.netbeans.org/ns/projectui-open-files/2">
        <group>
            <file>file:/F:/odair/Odair%20curso/estudo/Curso%20Tecnico%20Desenvolvimento%20de%20Sistemas/PROJETOSNETBS/MES1/AgrosustentáveLEtapa_4/src/br/agrosustentavel/Telas/TelaCadastroConsulta.java</file>
            <file>file:/F:/odair/Odair%20curso/estudo/Curso%20Tecnico%20Desenvolvimento%20de%20Sistemas/PROJETOSNETBS/MES1/AgrosustentáveLEtapa_4/src/br/agrosustentavel/Telas/TelaLogin.java</file>
            <file>file:/F:/odair/Odair%20curso/estudo/Curso%20Tecnico%20Desenvolvimento%20de%20Sistemas/PROJETOSNETBS/MES1/AgrosustentáveLEtapa_4/src/br/agrosustentavel/Telas/TelaMenu.java</file>
            <file>file:/F:/odair/Odair%20curso/estudo/Curso%20Tecnico%20Desenvolvimento%20de%20Sistemas/PROJETOSNETBS/MES1/AgrosustentáveLEtapa_4/src/br/agrosustentavel/DAO/UsuarioDAO.java</file>
        </group>
    </open-files>
</project-private>
